{
 "Mississippi": [
  -89.593164, 
  32.56642
 ], 
 "Oklahoma": [
  -96.834653, 
  35.59794
 ], 
 "Delaware": [
  -75.561908, 
  39.397164
 ], 
 "Minnesota": [
  -93.583003, 
  45.210782
 ], 
 "Illinois": [
  -88.380238, 
  41.278216
 ], 
 "Arkansas": [
  -92.576816, 
  35.080251
 ], 
 "New Mexico": [
  -106.342108, 
  34.623012
 ], 
 "Indiana": [
  -86.261515, 
  40.163935
 ], 
 "Maryland": [
  -76.797396, 
  39.145653
 ], 
 "Louisiana": [
  -91.457133, 
  30.69927
 ], 
 "Idaho": [
  -115.133222, 
  44.242605
 ], 
 "Wyoming": [
  -107.008835, 
  42.675762
 ], 
 "Tennessee": [
  -86.397772, 
  35.795862
 ], 
 "Arizona": [
  -111.828711, 
  33.373506
 ], 
 "Iowa": [
  -93.049161, 
  41.960392
 ], 
 "Michigan": [
  -84.170753, 
  42.866412
 ], 
 "Kansas": [
  -96.536052, 
  38.454303
 ], 
 "Utah": [
  -111.90016, 
  40.438987
 ], 
 "Virginia": [
  -77.835857, 
  37.750345
 ], 
 "Oregon": [
  -122.579524, 
  44.732273
 ], 
 "Connecticut": [
  -72.874365, 
  41.494852
 ], 
 "Montana": [
  -111.209708, 
  46.813302
 ], 
 "California": [
  -119.355165, 
  35.458606
 ], 
 "Massachusetts": [
  -71.363628, 
  42.271831
 ], 
 "West Virginia": [
  -80.820221, 
  38.767195
 ], 
 "South Carolina": [
  -81.032387, 
  34.034551
 ], 
 "New Hampshire": [
  -71.463342, 
  43.153046
 ], 
 "Wisconsin": [
  -89.001006, 
  43.728544
 ], 
 "Vermont": [
  -72.814309, 
  44.081127
 ], 
 "Georgia": [
  -83.868887, 
  33.332208
 ], 
 "North Dakota": [
  -99.334736, 
  47.375168
 ], 
 "Pennsylvania": [
  -77.075925, 
  40.463528
 ], 
 "Puerto Rico": [
  -66.58765, 
  18.19958
 ], 
 "Florida": [
  -81.634622, 
  27.79585
 ], 
 "Alaska": [
  -148.716968, 
  61.288254
 ], 
 "Kentucky": [
  -85.241819, 
  37.808159
 ], 
 "Hawaii": [
  -157.524452, 
  21.146768
 ], 
 "Nebraska": [
  -97.403875, 
  41.183753
 ], 
 "Missouri": [
  -92.15377, 
  38.437715
 ], 
 "Ohio": [
  -82.749366, 
  40.480854
 ], 
 "Alabama": [
  -86.766233, 
  33.001471
 ], 
 "New York": [
  -74.645228, 
  41.507548
 ], 
 "South Dakota": [
  -99.043799, 
  44.047502
 ], 
 "Colorado": [
  -105.203628, 
  39.500656
 ], 
 "New Jersey": [
  -74.428055, 
  40.438458
 ], 
 "Washington": [
  -121.624501, 
  47.341728
 ], 
 "North Carolina": [
  -79.667654, 
  35.553334
 ], 
 "District of Columbia": [
  -77.014001, 
  38.910092
 ], 
 "Texas": [
  -97.388631, 
  30.943149
 ], 
 "Nevada": [
  -116.304648, 
  37.165965
 ], 
 "Maine": [
  -69.719931, 
  44.313614
 ], 
 "Rhode Island": [
  -71.448902, 
  41.753318
 ]
}